sport,slateDate,commenceTime,matchup,predictedWinner,winner,score,winProbabilityPct,marketProb,marketEdge,marketDelta,marketGap,bookDivergence,reversalCount,movementPerReversal,runLineMoveAbs,bookAgreement,bookDivergenceFlag,runLineMove,runLineAligned,unconfirmedRunLine,steam,steamAligned,resistance,compressedMarket,missingFundamentals,lowPullDepth,favoriteRisk,opponentFavored,highReversalDirectional,highReversalWeak,selectedUnderdog,selectedFavorite,underdogPositiveMove,underdogEdgeImproving,favoriteFlatMoveRisk,favoriteCompressedRisk,lean,passTier,label
mlb,2026-07-11,2026-07-11T16:07:00Z,Milwaukee Brewers at Pittsburgh Pirates,Pittsburgh Pirates,Pittsburgh Pirates,11.37,56.39,0.515488,0.030975999999999948,-0.021473,0.030975999999999948,0.017409,6.0,0.003578833333333333,0.0,1.0,0.0,0.0,0.0,0.0,0.0,0.0,0.0,1.0,0.0,0.0,0.0,0.0,0.0,1.0,0.0,0.0,0.0,0.0,0.0,0.0,0.0,1.0,1
mlb,2026-07-11,2026-07-11T18:11:00Z,Athletics at Chicago White Sox,Chicago White Sox,Chicago White Sox,59.36,53.42,0.505913,0.011825999999999948,0.015797,0.011825999999999948,0.014015,0.0,0.015797,0.0,1.0,0.0,0.0,0.0,0.0,0.0,0.0,0.0,1.0,0.0,0.0,0.0,0.0,0.0,0.0,0.0,0.0,0.0,0.0,0.0,0.0,1.0,0.0,1
mlb,2026-07-11,2026-07-11T18:37:00Z,Los Angeles Angels at Minnesota Twins,Minnesota Twins,Minnesota Twins,43.69,57.24,0.612881,0.22576200000000002,-0.006993,0.22576200000000002,0.01302,1.0,0.006993,0.0,1.0,0.0,0.0,0.0,0.0,0.0,0.0,0.0,0.0,0.0,0.0,0.0,0.0,0.0,0.0,0.0,0.0,0.0,0.0,0.0,0.0,0.0,1.0,1
mlb,2026-07-11,2026-07-11T20:05:50Z,New York Yankees at Washington Nationals,New York Yankees,New York Yankees,28.6,52.06,0.636698,0.273396,0.002191,0.273396,0.015003,1.0,0.002191,0.0,1.0,0.0,0.0,0.0,0.0,0.0,0.0,0.0,0.0,0.0,0.0,0.0,0.0,0.0,0.0,0.0,0.0,0.0,0.0,0.0,0.0,0.0,1.0,1
mlb,2026-07-11,2026-07-11T20:06:07Z,Colorado Rockies at San Francisco Giants,San Francisco Giants,San Francisco Giants,42.21,55.69,0.574653,0.149306,-0.005936,0.149306,0.019316,1.0,0.005936,0.0,1.0,0.0,0.0,0.0,0.0,0.0,0.0,0.0,0.0,0.0,0.0,0.0,0.0,0.0,0.0,0.0,0.0,0.0,0.0,0.0,0.0,0.0,1.0,1
mlb,2026-07-11,2026-07-11T20:11:00Z,Boston Red Sox at New York Mets,New York Mets,Boston Red Sox,2.97,61.26,0.582087,0.16417400000000004,-0.004454,0.16417400000000004,0.013529,4.0,0.0011135,0.0,1.0,0.0,0.0,0.0,0.0,0.0,0.0,0.0,0.0,0.0,0.0,0.0,0.0,0.0,1.0,0.0,0.0,0.0,0.0,0.0,0.0,0.0,1.0,0
mlb,2026-07-11,2026-07-11T20:11:00Z,Cleveland Guardians at Miami Marlins,Miami Marlins,Cleveland Guardians,48.83,54.0,0.580269,0.16053800000000001,0.00634,0.16053800000000001,0.013329,0.0,0.00634,0.0,1.0,0.0,0.0,0.0,0.0,0.0,0.0,0.0,0.0,0.0,0.0,0.0,0.0,0.0,0.0,0.0,0.0,0.0,0.0,0.0,0.0,0.0,1.0,0
mlb,2026-07-11,2026-07-11T20:16:00Z,Milwaukee Brewers at Pittsburgh Pirates,Pittsburgh Pirates,Pittsburgh Pirates,39.8,51.2,0.458926,-0.08214800000000005,-0.005182,0.08214800000000005,0.016183,1.0,0.005182,0.0,1.0,0.0,0.0,0.0,0.0,0.0,0.0,0.0,0.0,0.0,0.0,0.0,1.0,0.0,0.0,1.0,0.0,0.0,0.0,0.0,0.0,0.0,1.0,1
mlb,2026-07-11,2026-07-11T20:35:00Z,Seattle Mariners at Tampa Bay Rays,Seattle Mariners,Tampa Bay Rays,28.24,54.79,0.488089,-0.02382200000000001,-0.002606,0.02382200000000001,0.01283,2.0,0.001303,0.0,1.0,0.0,0.0,0.0,0.0,0.0,0.0,0.0,1.0,0.0,0.0,0.0,1.0,0.0,0.0,1.0,0.0,0.0,0.0,0.0,0.0,0.0,1.0,0
mlb,2026-07-11,2026-07-11T22:11:00Z,Philadelphia Phillies at Detroit Tigers,Philadelphia Phillies,Philadelphia Phillies,33.48,57.32,0.558854,0.11770799999999998,-0.001769,0.11770799999999998,0.017789,1.0,0.001769,0.0,1.0,0.0,0.0,0.0,0.0,0.0,0.0,0.0,0.0,0.0,0.0,0.0,0.0,0.0,0.0,0.0,0.0,0.0,0.0,0.0,0.0,0.0,1.0,1
mlb,2026-07-11,2026-07-11T23:06:00Z,Kansas City Royals at Baltimore Orioles,Baltimore Orioles,Baltimore Orioles,45.44,55.29,0.584616,0.16923200000000005,-0.003798,0.16923200000000005,0.015416,0.0,0.003798,0.0,1.0,0.0,0.0,0.0,0.0,0.0,0.0,0.0,0.0,0.0,0.0,0.0,0.0,0.0,0.0,0.0,0.0,0.0,0.0,0.0,0.0,0.0,1.0,1
mlb,2026-07-11,2026-07-11T23:06:00Z,Houston Astros at Texas Rangers,Texas Rangers,Houston Astros,40.04,53.75,0.520965,0.04193000000000002,-0.00172,0.04193000000000002,0.011012,0.0,0.00172,0.0,1.0,0.0,0.0,0.0,0.0,0.0,0.0,0.0,1.0,0.0,0.0,0.0,0.0,0.0,0.0,0.0,0.0,0.0,0.0,0.0,0.0,0.0,1.0,0
mlb,2026-07-11,2026-07-11T23:11:00Z,Chicago Cubs at Cincinnati Reds,Cincinnati Reds,Chicago Cubs,81.1,57.97,0.509429,0.01885800000000004,0.036003,0.01885800000000004,0.014809,1.0,0.036003,0.0,1.0,0.0,0.0,0.0,0.0,0.0,0.0,0.0,1.0,0.0,0.0,0.0,0.0,0.0,0.0,0.0,0.0,0.0,0.0,0.0,0.0,0.0,0.0,0
mlb,2026-07-11,2026-07-11T23:16:48Z,Atlanta Braves at St. Louis Cardinals,St. Louis Cardinals,St. Louis Cardinals,69.57,56.36,0.505061,0.010121999999999964,0.02611,0.010121999999999964,0.023488,0.0,0.02611,0.0,0.0,0.0,0.0,0.0,0.0,0.0,0.0,0.0,1.0,0.0,0.0,0.0,0.0,0.0,0.0,0.0,0.0,0.0,0.0,0.0,0.0,0.0,0.0,1
mlb,2026-07-10,2026-07-11T00:46:00Z,New York Yankees at Washington Nationals,Washington Nationals,New York Yankees,62.57,74.03,0.417947,-0.16410600000000003,0.014543,0.16410600000000003,0.018716,1.0,0.014543,0.0,1.0,0.0,0.0,0.0,0.0,0.0,0.0,0.0,0.0,0.0,0.0,0.0,1.0,0.0,0.0,1.0,0.0,0.0,0.0,0.0,0.0,1.0,0.0,0
mlb,2026-07-10,2026-07-11T02:16:00Z,Colorado Rockies at San Francisco Giants,San Francisco Giants,Colorado Rockies,42.37,55.69,0.574653,0.149306,-0.005936,0.149306,0.019316,1.0,0.005936,0.0,1.0,0.0,0.0,0.0,0.0,0.0,0.0,0.0,0.0,0.0,0.0,0.0,0.0,0.0,0.0,0.0,0.0,0.0,0.0,0.0,0.0,0.0,1.0,0
mlb,2026-07-10,2026-07-11T00:16:05Z,Atlanta Braves at St. Louis Cardinals,St. Louis Cardinals,St. Louis Cardinals,70.11,56.36,0.505061,0.010121999999999964,0.02611,0.010121999999999964,0.023488,0.0,0.02611,0.0,0.0,0.0,0.0,0.0,0.0,0.0,0.0,0.0,1.0,0.0,0.0,0.0,0.0,0.0,0.0,0.0,0.0,0.0,0.0,0.0,0.0,0.0,0.0,1
mlb,2026-07-10,2026-07-10T23:41:00Z,Athletics at Chicago White Sox,Chicago White Sox,Chicago White Sox,59.7,53.42,0.505913,0.011825999999999948,0.015797,0.011825999999999948,0.014015,0.0,0.015797,0.0,1.0,0.0,0.0,0.0,0.0,0.0,0.0,0.0,1.0,0.0,0.0,0.0,0.0,0.0,0.0,0.0,0.0,0.0,0.0,0.0,0.0,1.0,0.0,1
mlb,2026-07-10,2026-07-10T23:50:00Z,Boston Red Sox at New York Mets,New York Mets,Boston Red Sox,34.11,21.01,0.57794,0.15588000000000002,0.029556,0.15588000000000002,0.018268,5.0,0.0059112,0.0,1.0,0.0,0.0,0.0,0.0,0.0,0.0,0.0,0.0,0.0,0.0,0.0,0.0,0.0,0.0,0.0,0.0,0.0,0.0,0.0,0.0,0.0,1.0,0
mlb,2026-07-10,2026-07-11T00:09:00Z,Houston Astros at Texas Rangers,Houston Astros,Texas Rangers,18.32,6.66,0.557408,0.11481600000000003,0.00438,0.11481600000000003,0.01051,3.0,0.0014600000000000001,0.0,1.0,0.0,0.0,0.0,0.0,0.0,0.0,0.0,0.0,0.0,0.0,0.0,0.0,0.0,0.0,0.0,0.0,0.0,0.0,0.0,0.0,0.0,1.0,0
mlb,2026-07-10,2026-07-11T00:11:00Z,Los Angeles Angels at Minnesota Twins,Minnesota Twins,Los Angeles Angels,43.25,57.24,0.612881,0.22576200000000002,-0.006993,0.22576200000000002,0.01302,1.0,0.006993,0.0,1.0,0.0,0.0,0.0,0.0,0.0,0.0,0.0,0.0,0.0,0.0,0.0,0.0,0.0,0.0,0.0,0.0,0.0,0.0,0.0,0.0,0.0,1.0,0
mlb,2026-07-10,2026-07-11T01:41:00Z,Toronto Blue Jays at San Diego Padres,Toronto Blue Jays,Toronto Blue Jays,60.26,53.68,0.493517,-0.012966000000000033,0.017072,0.012966000000000033,0.017832,0.0,0.017072,0.0,1.0,0.0,0.0,0.0,0.0,0.0,0.0,0.0,1.0,0.0,0.0,0.0,1.0,0.0,0.0,1.0,0.0,0.0,0.0,0.0,0.0,1.0,0.0,1
mlb,2026-07-10,2026-07-11T02:11:00Z,Arizona Diamondbacks at Los Angeles Dodgers,Los Angeles Dodgers,Arizona Diamondbacks,27.02,56.34,0.707478,0.41495600000000005,0.002069,0.41495600000000005,0.013695,1.0,0.002069,0.0,1.0,0.0,0.0,0.0,0.0,0.0,0.0,0.0,0.0,0.0,0.0,1.0,0.0,0.0,0.0,0.0,0.0,0.0,0.0,0.0,0.0,0.0,1.0,0
mlb,2026-07-10,2026-07-10T23:08:00Z,Kansas City Royals at Baltimore Orioles,Baltimore Orioles,Baltimore Orioles,22.85,9.43,0.587345,0.17469,0.008642,0.17469,0.020579,3.0,0.002880666666666667,0.0,0.0,0.0,0.0,0.0,0.0,0.0,0.0,0.0,0.0,0.0,0.0,0.0,0.0,0.0,0.0,0.0,0.0,0.0,0.0,0.0,0.0,0.0,1.0,1
mlb,2026-07-10,2026-07-10T23:11:00Z,Seattle Mariners at Tampa Bay Rays,Seattle Mariners,Tampa Bay Rays,27.64,54.79,0.488089,-0.02382200000000001,-0.002606,0.02382200000000001,0.01283,2.0,0.001303,0.0,1.0,0.0,0.0,0.0,0.0,0.0,0.0,0.0,1.0,0.0,0.0,0.0,1.0,0.0,0.0,1.0,0.0,0.0,0.0,0.0,0.0,0.0,1.0,0
mlb,2026-07-10,2026-07-10T22:41:00Z,Philadelphia Phillies at Detroit Tigers,Philadelphia Phillies,Detroit Tigers,21.13,8.27,0.478729,-0.042542000000000024,0.007881,0.042542000000000024,0.01084,3.0,0.0026270000000000004,0.0,1.0,0.0,0.0,0.0,0.0,0.0,0.0,0.0,1.0,0.0,0.0,0.0,1.0,0.0,0.0,1.0,0.0,0.0,0.0,0.0,0.0,0.0,1.0,0
mlb,2026-07-10,2026-07-10T23:11:00Z,Chicago Cubs at Cincinnati Reds,Cincinnati Reds,Cincinnati Reds,79.85,57.97,0.509429,0.01885800000000004,0.036003,0.01885800000000004,0.014809,1.0,0.036003,0.0,1.0,0.0,0.0,0.0,0.0,0.0,0.0,0.0,1.0,0.0,0.0,0.0,0.0,0.0,0.0,0.0,0.0,0.0,0.0,0.0,0.0,0.0,0.0,1
mlb,2026-07-10,2026-07-10T23:11:00Z,Cleveland Guardians at Miami Marlins,Miami Marlins,Cleveland Guardians,47.08,54.0,0.580269,0.16053800000000001,0.00634,0.16053800000000001,0.013329,0.0,0.00634,0.0,1.0,0.0,0.0,0.0,0.0,0.0,0.0,0.0,0.0,0.0,0.0,0.0,0.0,0.0,0.0,0.0,0.0,0.0,0.0,0.0,0.0,0.0,1.0,0
mlb,2026-07-10,2026-07-11T00:11:00Z,Los Angeles Angels at Minnesota Twins,Los Angeles Angels,Los Angeles Angels,16.4,50.28,0.386404,-0.227192,0.006278,0.227192,0.011566,2.0,0.003139,0.0,1.0,0.0,0.0,0.0,0.0,0.0,0.0,0.0,0.0,0.0,0.0,0.0,1.0,0.0,0.0,1.0,0.0,0.0,0.0,0.0,0.0,0.0,1.0,1
mlb,2026-07-11,2026-07-11T18:37:00Z,Los Angeles Angels at Minnesota Twins,Los Angeles Angels,Minnesota Twins,16.4,50.28,0.386404,-0.227192,0.006278,0.227192,0.011566,2.0,0.003139,0.0,1.0,0.0,0.0,0.0,0.0,0.0,0.0,0.0,0.0,0.0,0.0,0.0,1.0,0.0,0.0,1.0,0.0,0.0,0.0,0.0,0.0,0.0,1.0,0
mlb,2026-07-10,2026-07-10T22:41:00Z,Philadelphia Phillies at Detroit Tigers,Detroit Tigers,Detroit Tigers,34.48,50.43,0.437103,-0.12579399999999996,-0.002274,0.12579399999999996,0.005808,1.0,0.002274,0.0,1.0,0.0,0.0,0.0,0.0,0.0,0.0,0.0,0.0,0.0,0.0,0.0,1.0,0.0,0.0,1.0,0.0,0.0,0.0,0.0,0.0,0.0,1.0,1
mlb,2026-07-10,2026-07-11T00:09:00Z,Houston Astros at Texas Rangers,Texas Rangers,Texas Rangers,31.21,55.17,0.519871,0.039742,-0.002814,0.039742,0.007833,1.0,0.002814,0.0,1.0,0.0,0.0,0.0,0.0,0.0,0.0,0.0,1.0,0.0,0.0,0.0,0.0,0.0,0.0,0.0,0.0,0.0,0.0,0.0,0.0,0.0,1.0,1
mlb,2026-07-10,2026-07-11T00:46:00Z,New York Yankees at Washington Nationals,New York Yankees,New York Yankees,16.97,51.64,0.639242,0.27848399999999995,0.004735,0.27848399999999995,0.009326,2.0,0.0023675,0.0,1.0,0.0,0.0,0.0,0.0,0.0,0.0,0.0,0.0,0.0,0.0,0.0,0.0,0.0,0.0,0.0,0.0,0.0,0.0,0.0,0.0,0.0,1.0,1
mlb,2026-07-11,2026-07-11T16:07:00Z,Milwaukee Brewers at Pittsburgh Pirates,Milwaukee Brewers,Pittsburgh Pirates,43.5,51.73,0.546185,0.09237000000000001,0.010293,0.09237000000000001,0.007119,1.0,0.010293,0.0,1.0,0.0,0.0,0.0,0.0,0.0,0.0,0.0,0.0,0.0,0.0,0.0,0.0,0.0,0.0,0.0,0.0,0.0,0.0,0.0,0.0,0.0,1.0,0
mlb,2026-07-09,2026-07-09T22:41:00Z,Athletics at Detroit Tigers,Athletics,Detroit Tigers,46.72,44.63,0.454704,-0.090592,0.014355,0.090592,0.015837,0.0,0.014355,0.0,1.0,0.0,0.0,0.0,0.0,0.0,0.0,0.0,0.0,1.0,0.0,0.0,1.0,0.0,0.0,1.0,0.0,0.0,0.0,0.0,0.0,0.0,1.0,0
mlb,2026-07-09,2026-07-09T17:10:21Z,New York Yankees at Tampa Bay Rays,New York Yankees,New York Yankees,33.34,33.58,0.423568,-0.15286400000000006,0.010472,0.15286400000000006,0.018887,3.0,0.0034906666666666667,0.0,1.0,0.0,0.0,0.0,0.0,0.0,0.0,0.0,0.0,1.0,0.0,0.0,1.0,0.0,0.0,1.0,0.0,0.0,0.0,0.0,0.0,0.0,1.0,1
mlb,2026-07-09,2026-07-09T17:11:00Z,Kansas City Royals at New York Mets,Kansas City Royals,New York Mets,40.76,38.76,0.440584,-0.11883200000000005,0.011765,0.11883200000000005,0.020557,1.0,0.011765,0.0,0.0,0.0,0.0,0.0,0.0,0.0,0.0,0.0,0.0,1.0,0.0,0.0,1.0,0.0,0.0,1.0,0.0,0.0,0.0,0.0,0.0,0.0,1.0,0
mlb,2026-07-09,2026-07-09T17:36:00Z,Chicago Cubs at Baltimore Orioles,Chicago Cubs,Baltimore Orioles,30.37,34.53,0.463283,-0.073434,0.002911,0.073434,0.021004,13.0,0.0002239230769230769,0.0,0.0,0.0,0.0,0.0,0.0,0.0,0.0,0.0,0.0,1.0,0.0,0.0,1.0,0.0,1.0,1.0,0.0,0.0,0.0,0.0,0.0,0.0,1.0,0
mlb,2026-07-09,2026-07-09T17:41:00Z,Cleveland Guardians at Minnesota Twins,Minnesota Twins,Cleveland Guardians,38.36,37.78,0.457152,-0.085696,0.001349,0.085696,0.016697,1.0,0.001349,0.0,1.0,0.0,0.0,0.0,0.0,0.0,0.0,0.0,0.0,1.0,0.0,0.0,1.0,0.0,0.0,1.0,0.0,0.0,0.0,0.0,0.0,0.0,1.0,0
mlb,2026-07-09,2026-07-09T18:11:00Z,Boston Red Sox at Chicago White Sox,Chicago White Sox,Boston Red Sox,45.59,47.42,0.527056,0.05411199999999999,0.014878,0.05411199999999999,0.015818,4.0,0.0037195,0.0,1.0,0.0,0.0,0.0,0.0,0.0,0.0,0.0,0.0,1.0,0.0,0.0,0.0,0.0,1.0,0.0,0.0,0.0,0.0,0.0,0.0,0.0,1.0,0
mlb,2026-07-09,2026-07-09T16:37:41Z,Atlanta Braves at Pittsburgh Pirates,Pittsburgh Pirates,Atlanta Braves,38.99,41.24,0.499346,-0.0013080000000000314,0.020305,0.0013080000000000314,0.028666,6.0,0.003384166666666667,0.0,0.0,0.0,0.0,0.0,0.0,0.0,0.0,0.0,1.0,1.0,0.0,0.0,1.0,0.0,1.0,1.0,0.0,1.0,0.0,0.0,0.0,0.0,1.0,0
mlb,2026-07-08,2026-07-08T23:11:00Z,Kansas City Royals at New York Mets,Kansas City Royals,New York Mets,38.86,37.29,0.44058,-0.11884,0.01177,0.11883,0.02056,1.0,0.01177,7.273,0.0,0.0,0.0,1.0,0.0,0.0,0.0,0.0,0.0,1.0,0.0,0.0,1.0,0.0,0.0,1.0,0.0,0.0,0.0,0.0,0.0,0.0,1.0,0
mlb,2026-07-08,2026-07-08T23:41:00Z,Boston Red Sox at Chicago White Sox,Chicago White Sox,Boston Red Sox,45.77,47.64,0.52706,0.054119999999999946,0.01488,0.05411,0.01582,4.0,0.00372,90.455,1.0,0.0,1.0,0.0,0.0,1.0,1.0,0.0,0.0,1.0,0.0,0.0,0.0,0.0,1.0,0.0,1.0,0.0,0.0,0.0,0.0,0.0,1.0,0
mlb,2026-07-08,2026-07-08T23:41:00Z,Cleveland Guardians at Minnesota Twins,Cleveland Guardians,Minnesota Twins,55.53,57.53,0.54285,0.08570000000000005,-0.00135,0.0857,0.0167,1.0,0.00135,1.471,1.0,0.0,0.0,0.0,0.0,0.0,0.0,0.0,0.0,1.0,0.0,0.0,0.0,0.0,0.0,0.0,1.0,0.0,0.0,0.0,0.0,0.0,0.0,0
mlb,2026-07-09,2026-07-09T17:41:00Z,Cleveland Guardians at Minnesota Twins,Cleveland Guardians,Cleveland Guardians,55.53,57.53,0.54285,0.08570000000000005,-0.00135,0.0857,0.0167,1.0,0.00135,1.471,1.0,0.0,0.0,0.0,0.0,0.0,0.0,0.0,0.0,1.0,0.0,0.0,0.0,0.0,0.0,0.0,1.0,0.0,0.0,0.0,0.0,0.0,0.0,1
mlb,2026-07-08,2026-07-08T22:36:51Z,Chicago Cubs at Baltimore Orioles,Baltimore Orioles,Chicago Cubs,39.63,43.39,0.53672,0.07343999999999995,-0.00291,0.07343,0.021,13.0,0.00022384615384615385,35.659,0.0,0.0,1.0,0.0,0.0,0.0,0.0,0.0,0.0,1.0,0.0,0.0,0.0,0.0,1.0,0.0,1.0,0.0,0.0,0.0,0.0,0.0,1.0,0
mlb,2026-07-08,2026-07-08T22:41:00Z,Atlanta Braves at Pittsburgh Pirates,Pittsburgh Pirates,Atlanta Braves,34.92,39.27,0.49935,-0.0013000000000000234,0.0203,0.00131,0.02867,6.0,0.0033833333333333332,6.091,0.0,0.0,0.0,1.0,0.0,1.0,0.0,0.0,1.0,1.0,0.0,0.0,1.0,0.0,1.0,1.0,0.0,1.0,0.0,0.0,0.0,0.0,1.0,0
mlb,2026-07-08,2026-07-08T22:41:00Z,New York Yankees at Tampa Bay Rays,Tampa Bay Rays,Tampa Bay Rays,53.8,57.35,0.57643,0.15286,-0.01047,0.15286,0.01889,3.0,0.00349,3.364,1.0,0.0,0.0,1.0,0.0,0.0,0.0,0.0,0.0,1.0,0.0,0.0,0.0,0.0,0.0,0.0,1.0,0.0,0.0,0.0,0.0,0.0,0.0,1
mlb,2026-07-08,2026-07-08T23:11:00Z,Kansas City Royals at New York Mets,New York Mets,New York Mets,55.3,58.21,0.55942,0.11884,-0.01177,0.11883,0.02056,1.0,0.01177,6.273,0.0,0.0,0.0,1.0,0.0,0.0,0.0,0.0,0.0,1.0,0.0,0.0,0.0,0.0,0.0,0.0,1.0,0.0,0.0,0.0,0.0,0.0,0.0,1
mlb,2026-07-09,2026-07-09T17:10:21Z,New York Yankees at Tampa Bay Rays,Tampa Bay Rays,New York Yankees,53.8,57.35,0.57643,0.15286,-0.01047,0.15286,0.01889,3.0,0.00349,3.364,1.0,0.0,0.0,1.0,0.0,0.0,0.0,0.0,0.0,1.0,0.0,0.0,0.0,0.0,0.0,0.0,1.0,0.0,0.0,0.0,0.0,0.0,0.0,0
mlb,2026-07-09,2026-07-09T17:11:00Z,Kansas City Royals at New York Mets,New York Mets,New York Mets,55.3,58.21,0.55942,0.11884,-0.01177,0.11883,0.02056,1.0,0.01177,6.273,0.0,0.0,0.0,1.0,0.0,0.0,0.0,0.0,0.0,1.0,0.0,0.0,0.0,0.0,0.0,0.0,1.0,0.0,0.0,0.0,0.0,0.0,0.0,1
mlb,2026-07-09,2026-07-09T17:36:00Z,Chicago Cubs at Baltimore Orioles,Baltimore Orioles,Baltimore Orioles,39.63,43.39,0.53672,0.07343999999999995,-0.00291,0.07343,0.021,13.0,0.00022384615384615385,35.659,0.0,0.0,1.0,0.0,0.0,0.0,0.0,0.0,0.0,1.0,0.0,0.0,0.0,0.0,1.0,0.0,1.0,0.0,0.0,0.0,0.0,0.0,1.0,1
mlb,2026-07-08,2026-07-08T19:46:00Z,Toronto Blue Jays at San Francisco Giants,Toronto Blue Jays,Toronto Blue Jays,60.17,61.19,0.5421,0.08420000000000005,0.0363,0.0842,0.02134,1.0,0.0363,121.182,0.0,0.0,1.0,0.0,0.0,1.0,1.0,0.0,0.0,1.0,0.0,0.0,0.0,0.0,0.0,0.0,1.0,0.0,0.0,0.0,0.0,1.0,0.0,1
mlb,2026-07-07,2026-07-08T01:46:00Z,Toronto Blue Jays at San Francisco Giants,Toronto Blue Jays,Toronto Blue Jays,60.17,61.19,0.5421,0.08420000000000005,0.0363,0.0842,0.02134,1.0,0.0363,121.182,0.0,0.0,1.0,0.0,0.0,1.0,1.0,0.0,0.0,1.0,0.0,0.0,0.0,0.0,0.0,0.0,1.0,0.0,0.0,0.0,0.0,1.0,0.0,1
mlb,2026-07-07,2026-07-07T22:41:00Z,Atlanta Braves at Pittsburgh Pirates,Atlanta Braves,Pittsburgh Pirates,31.94,34.45,0.42831,-0.14338,0.04143,0.14338,0.01367,3.0,0.013810000000000001,23.8,1.0,0.0,1.0,1.0,1.0,1.0,0.0,0.0,0.0,1.0,0.0,0.0,1.0,0.0,0.0,1.0,0.0,1.0,0.0,0.0,0.0,0.0,1.0,0
mlb,2026-07-07,2026-07-07T23:11:50Z,Philadelphia Phillies at Cincinnati Reds,Philadelphia Phillies,Philadelphia Phillies,56.99,61.14,0.60236,0.20472,-0.00046,0.20472,0.00552,4.0,0.000115,186.682,1.0,0.0,1.0,0.0,0.0,0.0,0.0,0.0,0.0,1.0,0.0,0.0,0.0,0.0,1.0,0.0,1.0,0.0,0.0,1.0,0.0,1.0,0.0,1
mlb,2026-07-07,2026-07-07T23:31:00Z,Chicago Cubs at Baltimore Orioles,Baltimore Orioles,Chicago Cubs,44.88,45.13,0.49098,-0.01804,0.01038,0.01803,0.00465,1.0,0.01038,3.0,1.0,0.0,0.0,1.0,0.0,0.0,0.0,0.0,1.0,1.0,0.0,0.0,1.0,0.0,0.0,1.0,0.0,0.0,0.0,0.0,0.0,0.0,1.0,0
mlb,2026-07-07,2026-07-07T18:16:00Z,Milwaukee Brewers at St. Louis Cardinals,Milwaukee Brewers,Milwaukee Brewers,100.0,95.0,0.97115,0.9422999999999999,0.34195,0.9423,0.0,13.0,0.026303846153846153,224.571,1.0,0.0,1.0,0.0,0.0,1.0,1.0,0.0,0.0,0.0,0.0,0.0,0.0,1.0,0.0,0.0,1.0,0.0,0.0,0.0,0.0,0.0,0.0,1
mlb,2026-07-07,2026-07-07T22:41:00Z,Athletics at Detroit Tigers,Detroit Tigers,Detroit Tigers,100.0,95.0,0.97115,0.9422999999999999,0.34053,0.9423,0.0,8.0,0.04256625,1114.455,1.0,0.0,1.0,1.0,1.0,1.0,1.0,0.0,0.0,0.0,0.0,0.0,0.0,1.0,0.0,0.0,1.0,0.0,0.0,0.0,0.0,0.0,0.0,1
mlb,2026-07-07,2026-07-07T22:41:00Z,Seattle Mariners at Miami Marlins,Miami Marlins,Miami Marlins,87.44,95.0,0.79797,0.5959399999999999,0.28966,0.59593,0.05908,20.0,0.014483,907.222,0.0,1.0,1.0,1.0,1.0,1.0,1.0,0.0,0.0,0.0,0.0,0.0,0.0,1.0,0.0,0.0,1.0,0.0,0.0,0.0,0.0,0.0,0.0,1
mlb,2026-07-07,2026-07-07T22:41:00Z,New York Yankees at Tampa Bay Rays,Tampa Bay Rays,Tampa Bay Rays,100.0,95.0,0.94925,0.8985000000000001,0.4282,0.8985,0.00476,7.0,0.06117142857142858,934.727,1.0,0.0,1.0,1.0,1.0,1.0,1.0,0.0,0.0,0.0,0.0,0.0,0.0,1.0,0.0,0.0,1.0,0.0,0.0,0.0,0.0,0.0,0.0,1
mlb,2026-07-07,2026-07-07T22:46:00Z,Houston Astros at Washington Nationals,Houston Astros,Houston Astros,100.0,95.0,0.903,0.806,0.4287,0.80599,0.05907,8.0,0.0535875,241.318,0.0,1.0,1.0,1.0,1.0,1.0,1.0,0.0,0.0,0.0,0.0,0.0,0.0,1.0,0.0,0.0,1.0,0.0,0.0,0.0,0.0,0.0,0.0,1
mlb,2026-07-07,2026-07-07T23:11:00Z,Kansas City Royals at New York Mets,Kansas City Royals,Kansas City Royals,100.0,95.0,0.96967,0.9393400000000001,0.5477,0.93934,0.04091,13.0,0.04213076923076923,704.143,0.0,1.0,1.0,1.0,1.0,1.0,1.0,0.0,0.0,0.0,0.0,0.0,0.0,1.0,0.0,0.0,1.0,0.0,0.0,0.0,0.0,0.0,0.0,1
mlb,2026-07-07,2026-07-07T23:41:00Z,Boston Red Sox at Chicago White Sox,Boston Red Sox,Boston Red Sox,100.0,95.0,0.97115,0.9422999999999999,0.43321,0.9423,0.0,7.0,0.061887142857142856,635.0,1.0,0.0,1.0,1.0,1.0,1.0,1.0,0.0,0.0,0.0,0.0,0.0,0.0,1.0,0.0,0.0,1.0,0.0,0.0,0.0,0.0,0.0,0.0,1
mlb,2026-07-07,2026-07-07T23:41:00Z,Cleveland Guardians at Minnesota Twins,Minnesota Twins,Minnesota Twins,100.0,95.0,0.93993,0.8798600000000001,0.41816,0.87987,0.01026,8.0,0.05227,1445.364,1.0,0.0,1.0,1.0,1.0,1.0,1.0,0.0,0.0,0.0,0.0,0.0,0.0,1.0,0.0,0.0,1.0,0.0,0.0,0.0,0.0,0.0,0.0,1
mlb,2026-07-07,2026-07-07T23:46:00Z,Milwaukee Brewers at St. Louis Cardinals,Milwaukee Brewers,Milwaukee Brewers,100.0,95.0,0.97115,0.9422999999999999,0.34195,0.9423,0.0,13.0,0.026303846153846153,224.571,1.0,0.0,1.0,0.0,0.0,1.0,1.0,0.0,0.0,0.0,0.0,0.0,0.0,1.0,0.0,0.0,1.0,0.0,0.0,0.0,0.0,0.0,0.0,1
mlb,2026-07-07,2026-07-08T00:06:00Z,Los Angeles Angels at Texas Rangers,Texas Rangers,Texas Rangers,100.0,95.0,0.97115,0.9422999999999999,0.37542,0.9423,0.0,12.0,0.031285,430.091,1.0,0.0,1.0,1.0,1.0,1.0,1.0,0.0,0.0,0.0,0.0,0.0,0.0,1.0,0.0,0.0,1.0,0.0,0.0,0.0,0.0,0.0,0.0,1
mlb,2026-07-06,2026-07-07T01:41:00Z,Arizona Diamondbacks at San Diego Padres,Arizona Diamondbacks,Arizona Diamondbacks,20.89,8.12,0.47686,-0.04628000000000004,0.01931,0.04628,0.00587,4.0,0.0048275,135.078,1.0,0.0,1.0,0.0,0.0,1.0,0.0,0.0,1.0,0.0,0.0,0.0,1.0,0.0,1.0,1.0,0.0,0.0,0.0,0.0,0.0,0.0,1.0,1
mlb,2026-07-06,2026-07-07T01:46:00Z,Toronto Blue Jays at San Francisco Giants,Toronto Blue Jays,San Francisco Giants,36.69,24.8,0.5168,0.03360000000000002,0.00301,0.0336,0.0238,2.0,0.001505,0.253,0.0,0.0,0.0,1.0,0.0,0.0,0.0,0.0,1.0,0.0,0.0,0.0,0.0,0.0,0.0,0.0,1.0,0.0,0.0,0.0,1.0,0.0,1.0,0
mlb,2026-07-06,2026-07-07T02:11:00Z,Colorado Rockies at Los Angeles Dodgers,Los Angeles Dodgers,Los Angeles Dodgers,80.08,92.46,0.72703,0.45405999999999996,0.03216,0.45406,0.01661,2.0,0.01608,2.182,1.0,0.0,0.0,0.0,0.0,1.0,1.0,0.0,0.0,0.0,0.0,0.0,0.0,0.0,0.0,0.0,1.0,0.0,0.0,0.0,0.0,0.0,0.0,1
mlb,2026-07-07,2026-07-07T18:16:00Z,Milwaukee Brewers at St. Louis Cardinals,St. Louis Cardinals,Milwaukee Brewers,49.64,49.25,0.51099,0.021980000000000055,0.14019,0.02197,0.03921,10.0,0.014019,11.961,0.0,0.0,1.0,1.0,1.0,1.0,0.0,0.0,1.0,0.0,0.0,0.0,0.0,0.0,1.0,0.0,1.0,0.0,0.0,0.0,1.0,0.0,1.0,0
mlb,2026-07-06,2026-07-06T22:41:00Z,New York Yankees at Tampa Bay Rays,Tampa Bay Rays,New York Yankees,69.35,83.38,0.5539,0.10779999999999995,0.03285,0.1078,0.01969,1.0,0.03285,228.636,1.0,0.0,1.0,0.0,0.0,1.0,1.0,0.0,0.0,0.0,0.0,0.0,0.0,0.0,0.0,0.0,1.0,0.0,0.0,0.0,0.0,0.0,0.0,0
mlb,2026-07-06,2026-07-06T22:47:24Z,Houston Astros at Washington Nationals,Washington Nationals,Washington Nationals,17.19,6.1,0.52119,0.04238000000000003,-0.00451,0.04238,0.01659,4.0,0.0011275,28.909,1.0,0.0,1.0,0.0,0.0,0.0,0.0,0.0,1.0,0.0,0.0,0.0,0.0,0.0,1.0,0.0,1.0,0.0,0.0,0.0,1.0,0.0,1.0,1
mlb,2026-07-06,2026-07-06T23:16:00Z,New York Mets at Atlanta Braves,New York Mets,New York Mets,45.85,41.44,0.6866,0.3732,0.22008,0.37321,0.05074,19.0,0.011583157894736842,1169.167,0.0,1.0,1.0,1.0,1.0,1.0,1.0,0.0,0.0,0.0,0.0,0.0,0.0,1.0,0.0,0.0,1.0,0.0,0.0,0.0,0.0,0.0,1.0,1
mlb,2026-07-06,2026-07-06T23:45:11Z,Milwaukee Brewers at St. Louis Cardinals,St. Louis Cardinals,Milwaukee Brewers,39.65,29.68,0.49144,-0.017120000000000024,0.12065,0.01712,0.00553,10.0,0.012065,58.143,1.0,0.0,1.0,1.0,1.0,1.0,0.0,0.0,1.0,0.0,0.0,0.0,1.0,0.0,1.0,1.0,0.0,1.0,0.0,0.0,0.0,0.0,1.0,0
mlb,2026-07-06,2026-07-06T23:45:11Z,Milwaukee Brewers at St. Louis Cardinals,Milwaukee Brewers,Milwaukee Brewers,100.0,95.0,0.84832,0.6966399999999999,0.21911,0.69663,0.01726,9.0,0.024345555555555554,1667.071,1.0,0.0,1.0,0.0,0.0,1.0,1.0,0.0,0.0,0.0,0.0,0.0,0.0,1.0,0.0,0.0,1.0,0.0,0.0,0.0,0.0,0.0,0.0,1
mlb,2026-07-06,2026-07-06T22:41:00Z,New York Yankees at Tampa Bay Rays,New York Yankees,New York Yankees,100.0,95.0,0.96273,0.92546,0.48357,0.92545,0.0,12.0,0.0402975,0.0,1.0,0.0,0.0,0.0,0.0,1.0,1.0,0.0,0.0,0.0,0.0,0.0,0.0,1.0,0.0,0.0,1.0,0.0,0.0,0.0,0.0,0.0,0.0,1
mlb,2026-07-06,2026-07-07T01:46:00Z,Toronto Blue Jays at San Francisco Giants,San Francisco Giants,San Francisco Giants,100.0,95.0,0.97115,0.9422999999999999,0.47728,0.9423,0.0,11.0,0.043389090909090905,394.0,1.0,0.0,1.0,0.0,0.0,1.0,1.0,0.0,0.0,0.0,0.0,0.0,0.0,1.0,0.0,0.0,1.0,0.0,0.0,0.0,0.0,0.0,0.0,1
mlb,2026-07-06,2026-07-06T18:11:00Z,Philadelphia Phillies at Kansas City Royals,Philadelphia Phillies,Kansas City Royals,62.71,66.55,0.65606,0.31211999999999995,0.0612,0.31211,0.01226,9.0,0.0068,235.727,1.0,0.0,1.0,1.0,1.0,1.0,1.0,0.0,0.0,1.0,0.0,0.0,0.0,0.0,0.0,0.0,1.0,0.0,0.0,0.0,0.0,1.0,0.0,0
mlb,2026-07-05,2026-07-06T01:31:00Z,Boston Red Sox at Los Angeles Angels,Boston Red Sox,Boston Red Sox,100.0,95.0,0.94912,0.8982399999999999,0.36308,0.89824,0.00774,4.0,0.09077,154.667,1.0,0.0,1.0,1.0,1.0,1.0,1.0,0.0,0.0,0.0,0.0,0.0,0.0,1.0,0.0,0.0,1.0,0.0,0.0,0.0,0.0,0.0,0.0,1
mlb,2026-07-05,2026-07-05T23:21:00Z,San Diego Padres at Los Angeles Dodgers,Los Angeles Dodgers,San Diego Padres,74.66,76.01,0.65242,0.30484,-0.00232,0.30483,0.01496,0.0,0.00232,4.909,1.0,0.0,0.0,1.0,0.0,0.0,0.0,0.0,0.0,1.0,0.0,0.0,0.0,0.0,0.0,0.0,1.0,0.0,0.0,1.0,0.0,0.0,0.0,0
mlb,2026-07-05,2026-07-05T20:31:00Z,Miami Marlins at Athletics,Athletics,Miami Marlins,42.01,44.71,0.52475,0.049500000000000044,-0.00788,0.04949,0.01787,3.0,0.0026266666666666665,116.091,1.0,0.0,1.0,0.0,0.0,0.0,0.0,0.0,1.0,1.0,0.0,0.0,0.0,0.0,0.0,0.0,1.0,0.0,0.0,0.0,1.0,0.0,1.0,0
mlb,2026-07-05,2026-07-05T21:05:58Z,Toronto Blue Jays at Seattle Mariners,Toronto Blue Jays,Seattle Mariners,41.8,40.61,0.45991,-0.08017999999999997,0.023,0.08018,0.02131,1.0,0.023,0.0,0.0,0.0,0.0,0.0,0.0,1.0,0.0,0.0,0.0,1.0,0.0,0.0,1.0,0.0,0.0,1.0,0.0,1.0,0.0,0.0,0.0,0.0,1.0,0
mlb,2026-07-05,2026-07-05T18:17:11Z,New York Mets at Atlanta Braves,New York Mets,New York Mets,43.86,45.45,0.50631,0.01262000000000002,0.03495,0.01263,0.01938,3.0,0.01165,161.4,1.0,0.0,1.0,1.0,1.0,1.0,0.0,0.0,1.0,1.0,0.0,0.0,0.0,0.0,0.0,0.0,1.0,0.0,0.0,0.0,1.0,0.0,1.0,1
mlb,2026-07-05,2026-07-05T18:35:36Z,St. Louis Cardinals at Chicago Cubs,Chicago Cubs,Chicago Cubs,55.37,58.64,0.57465,0.1493,-0.0016,0.14931,0.01545,3.0,0.0005333333333333334,0.0,1.0,0.0,0.0,0.0,0.0,0.0,0.0,0.0,0.0,1.0,0.0,0.0,0.0,0.0,0.0,0.0,1.0,0.0,0.0,0.0,0.0,0.0,0.0,1
mlb,2026-07-05,2026-07-05T19:01:00Z,Philadelphia Phillies at Kansas City Royals,Philadelphia Phillies,Kansas City Royals,53.67,56.47,0.56144,0.12288000000000004,0.00228,0.12289,0.01906,3.0,0.0007599999999999999,1.636,1.0,0.0,0.0,1.0,0.0,0.0,0.0,0.0,0.0,1.0,0.0,0.0,0.0,0.0,0.0,0.0,1.0,0.0,0.0,0.0,0.0,0.0,0.0,0
mlb,2026-07-05,2026-07-05T19:31:00Z,Detroit Tigers at Texas Rangers,Detroit Tigers,Detroit Tigers,48.36,49.84,0.52571,0.05142000000000002,0.02571,0.05143,0.01169,3.0,0.00857,12.227,1.0,0.0,1.0,1.0,1.0,1.0,1.0,0.0,0.0,1.0,0.0,0.0,0.0,0.0,0.0,0.0,1.0,0.0,0.0,0.0,0.0,0.0,1.0,1
mlb,2026-07-05,2026-07-05T19:31:00Z,Tampa Bay Rays at Houston Astros,Houston Astros,Houston Astros,60.15,58.97,0.51656,0.03312000000000004,0.0613,0.03312,0.01984,0.0,0.0613,157.273,1.0,0.0,1.0,0.0,0.0,1.0,0.0,0.0,1.0,1.0,0.0,0.0,0.0,0.0,0.0,0.0,1.0,0.0,0.0,0.0,1.0,1.0,0.0,1
mlb,2026-07-05,2026-07-05T19:32:02Z,Chicago White Sox at Cleveland Guardians,Chicago White Sox,Chicago White Sox,37.07,37.68,0.44579,-0.10841999999999996,0.03344,0.10842,0.00806,2.0,0.01672,22.136,1.0,0.0,1.0,1.0,1.0,1.0,0.0,0.0,0.0,1.0,0.0,0.0,1.0,0.0,0.0,1.0,0.0,1.0,0.0,0.0,0.0,0.0,1.0,1
mlb,2026-07-05,2026-07-05T20:05:53Z,Milwaukee Brewers at Arizona Diamondbacks,Milwaukee Brewers,Milwaukee Brewers,53.92,55.17,0.52675,0.05350000000000005,0.00291,0.0535,0.01297,1.0,0.00291,0.455,1.0,0.0,0.0,0.0,0.0,0.0,0.0,0.0,0.0,1.0,0.0,0.0,0.0,0.0,0.0,0.0,1.0,0.0,0.0,0.0,0.0,0.0,0.0,1
mlb,2026-07-05,2026-07-05T20:07:34Z,San Francisco Giants at Colorado Rockies,Colorado Rockies,Colorado Rockies,32.16,36.86,0.47743,-0.04513999999999996,0.01485,0.04514,0.00589,7.0,0.0021214285714285714,2.727,1.0,0.0,0.0,1.0,0.0,1.0,0.0,0.0,1.0,1.0,0.0,0.0,1.0,0.0,1.0,1.0,0.0,0.0,0.0,0.0,0.0,0.0,1.0,1
mlb,2026-07-05,2026-07-05T17:01:00Z,Pittsburgh Pirates at Washington Nationals,Washington Nationals,Pittsburgh Pirates,49.55,52.59,0.56475,0.12949999999999995,0.02229,0.1295,0.01378,5.0,0.004458,13.576,1.0,0.0,1.0,1.0,1.0,1.0,1.0,0.0,0.0,1.0,0.0,0.0,0.0,0.0,0.0,0.0,1.0,0.0,0.0,0.0,0.0,0.0,1.0,0
mlb,2026-07-05,2026-07-05T17:06:21Z,Baltimore Orioles at Cincinnati Reds,Baltimore Orioles,Cincinnati Reds,46.73,47.77,0.51121,0.02242000000000005,0.01513,0.02241,0.03457,1.0,0.01513,10.939,0.0,0.0,1.0,1.0,1.0,1.0,0.0,0.0,1.0,1.0,0.0,0.0,0.0,0.0,0.0,0.0,1.0,0.0,0.0,0.0,1.0,0.0,1.0,0
mlb,2026-07-05,2026-07-05T17:37:09Z,Minnesota Twins at New York Yankees,New York Yankees,Minnesota Twins,40.84,44.68,0.54501,0.09001999999999999,-0.01172,0.09001,0.01491,6.0,0.0019533333333333334,20.3,1.0,0.0,1.0,1.0,0.0,0.0,0.0,0.0,0.0,1.0,0.0,0.0,0.0,0.0,1.0,0.0,1.0,0.0,0.0,0.0,0.0,0.0,1.0,0
mlb,2026-07-04,2026-07-05T01:39:00Z,Boston Red Sox at Los Angeles Angels,Boston Red Sox,Boston Red Sox,65.88,78.97,0.59665,0.19330000000000003,0.01061,0.1933,0.01382,0.0,0.01061,18.727,1.0,0.0,1.0,1.0,1.0,0.0,0.0,0.0,0.0,0.0,0.0,0.0,0.0,0.0,0.0,0.0,1.0,0.0,0.0,1.0,0.0,0.0,0.0,1
mlb,2026-07-04,2026-07-05T01:41:00Z,Milwaukee Brewers at Arizona Diamondbacks,Milwaukee Brewers,Arizona Diamondbacks,62.33,73.64,0.53191,0.06381999999999999,0.00807,0.06383,0.00616,0.0,0.00807,1.273,1.0,0.0,0.0,1.0,0.0,0.0,0.0,0.0,0.0,0.0,0.0,0.0,0.0,0.0,0.0,0.0,1.0,0.0,0.0,0.0,0.0,1.0,0.0,0
mlb,2026-07-04,2026-07-05T01:41:00Z,Miami Marlins at Athletics,Miami Marlins,Miami Marlins,100.0,95.0,0.89313,0.78626,0.42575,0.78625,0.07067,10.0,0.042575,9820.333,0.0,1.0,1.0,1.0,1.0,1.0,1.0,0.0,0.0,0.0,0.0,0.0,0.0,1.0,0.0,0.0,1.0,0.0,0.0,0.0,0.0,0.0,0.0,1
mlb,2026-07-04,2026-07-05T02:11:00Z,San Diego Padres at Los Angeles Dodgers,San Diego Padres,Los Angeles Dodgers,100.0,95.0,0.5231,0.04620000000000002,0.17783,0.04619,0.03447,6.0,0.029638333333333333,275.125,0.0,0.0,1.0,0.0,0.0,1.0,0.0,0.0,1.0,0.0,0.0,0.0,0.0,0.0,1.0,0.0,1.0,0.0,0.0,0.0,1.0,0.0,0.0,0
mlb,2026-07-05,2026-07-05T17:06:21Z,Baltimore Orioles at Cincinnati Reds,Cincinnati Reds,Cincinnati Reds,38.75,28.14,0.50017,0.00034000000000000696,-0.00376,0.00034,0.02037,1.0,0.00376,5.818,0.0,0.0,0.0,1.0,0.0,0.0,0.0,0.0,1.0,0.0,0.0,0.0,0.0,0.0,0.0,0.0,1.0,0.0,0.0,0.0,1.0,0.0,1.0,1
mlb,2026-07-05,2026-07-05T18:17:11Z,New York Mets at Atlanta Braves,Atlanta Braves,New York Mets,26.36,12.24,0.51947,0.038939999999999975,-0.00917,0.03893,0.01989,2.0,0.004585,196.545,1.0,0.0,1.0,1.0,0.0,0.0,0.0,0.0,1.0,0.0,0.0,0.0,0.0,0.0,0.0,0.0,1.0,0.0,0.0,0.0,1.0,0.0,1.0,0
mlb,2026-07-05,2026-07-05T19:32:02Z,Chicago White Sox at Cleveland Guardians,Cleveland Guardians,Chicago White Sox,35.83,23.49,0.57508,0.15016000000000002,-0.01257,0.15016,0.02523,2.0,0.006285,4.182,0.0,0.0,0.0,1.0,0.0,0.0,0.0,1.0,0.0,0.0,0.0,0.0,0.0,0.0,0.0,0.0,1.0,0.0,0.0,0.0,0.0,0.0,1.0,0
mlb,2026-07-05,2026-07-05T20:07:34Z,San Francisco Giants at Colorado Rockies,San Francisco Giants,Colorado Rockies,32.15,18.43,0.53244,0.06488000000000005,-0.00499,0.06488,0.01689,3.0,0.0016633333333333333,1.4,1.0,0.0,0.0,1.0,0.0,0.0,0.0,0.0,0.0,0.0,0.0,0.0,0.0,0.0,0.0,0.0,1.0,0.0,0.0,0.0,0.0,0.0,1.0,0
mlb,2026-07-05,2026-07-05T20:31:00Z,Miami Marlins at Athletics,Miami Marlins,Miami Marlins,100.0,95.0,0.89313,0.78626,0.42575,0.78625,0.07067,10.0,0.042575,9820.333,0.0,1.0,1.0,1.0,1.0,1.0,1.0,0.0,0.0,0.0,0.0,0.0,0.0,1.0,0.0,0.0,1.0,0.0,0.0,0.0,0.0,0.0,0.0,1
mlb,2026-07-04,2026-07-05T00:09:00Z,New York Mets at Atlanta Braves,Atlanta Braves,Atlanta Braves,26.36,12.24,0.51947,0.038939999999999975,-0.00917,0.03893,0.01989,2.0,0.004585,196.545,1.0,0.0,1.0,1.0,0.0,0.0,0.0,0.0,1.0,0.0,0.0,0.0,0.0,0.0,0.0,0.0,1.0,0.0,0.0,0.0,1.0,0.0,1.0,1
mlb,2026-07-04,2026-07-05T00:11:00Z,Philadelphia Phillies at Kansas City Royals,Philadelphia Phillies,Philadelphia Phillies,61.43,72.16,0.55985,0.11969999999999997,0.00069,0.11969,0.00884,0.0,0.00069,2.455,1.0,0.0,0.0,0.0,0.0,0.0,0.0,0.0,0.0,0.0,0.0,0.0,0.0,0.0,0.0,0.0,1.0,0.0,0.0,0.0,0.0,1.0,0.0,1
mlb,2026-07-04,2026-07-05T00:55:00Z,San Francisco Giants at Colorado Rockies,San Francisco Giants,San Francisco Giants,32.15,18.43,0.53244,0.06488000000000005,-0.00499,0.06488,0.01689,3.0,0.0016633333333333333,1.4,1.0,0.0,0.0,1.0,0.0,0.0,0.0,0.0,0.0,0.0,0.0,0.0,0.0,0.0,0.0,0.0,1.0,0.0,0.0,0.0,0.0,0.0,1.0,1
mlb,2026-07-04,2026-07-05T01:07:02Z,St. Louis Cardinals at Chicago Cubs,Chicago Cubs,St. Louis Cardinals,57.53,65.19,0.58048,0.16096,0.00423,0.16096,0.0135,1.0,0.00423,0.0,1.0,0.0,0.0,0.0,0.0,0.0,0.0,0.0,0.0,0.0,0.0,0.0,0.0,0.0,0.0,0.0,1.0,0.0,0.0,1.0,0.0,1.0,0.0,0
mlb,2026-07-04,2026-07-05T01:41:00Z,Miami Marlins at Athletics,Athletics,Miami Marlins,33.68,20.42,0.5262,0.0524,-0.00642,0.0524,0.01787,2.0,0.00321,53.364,1.0,0.0,1.0,0.0,0.0,0.0,0.0,0.0,0.0,0.0,0.0,0.0,0.0,0.0,0.0,0.0,1.0,0.0,0.0,0.0,0.0,0.0,1.0,0
mlb,2026-07-04,2026-07-05T02:11:00Z,San Diego Padres at Los Angeles Dodgers,Los Angeles Dodgers,Los Angeles Dodgers,73.72,87.83,0.65931,0.31861999999999996,0.00458,0.31862,0.00683,0.0,0.00458,1.8,1.0,0.0,0.0,0.0,0.0,0.0,0.0,0.0,0.0,0.0,0.0,0.0,0.0,0.0,0.0,0.0,1.0,0.0,0.0,1.0,0.0,0.0,0.0,1
mlb,2026-07-04,2026-07-04T23:11:00Z,Baltimore Orioles at Cincinnati Reds,Cincinnati Reds,Baltimore Orioles,38.75,28.14,0.50017,0.00034000000000000696,-0.00376,0.00034,0.02037,1.0,0.00376,5.818,0.0,0.0,0.0,1.0,0.0,0.0,0.0,0.0,1.0,0.0,0.0,0.0,0.0,0.0,0.0,0.0,1.0,0.0,0.0,0.0,1.0,0.0,1.0,0
mlb,2026-07-04,2026-07-04T23:11:00Z,Chicago White Sox at Cleveland Guardians,Cleveland Guardians,Chicago White Sox,35.83,23.49,0.57508,0.15016000000000002,-0.01257,0.15016,0.02523,2.0,0.006285,4.182,0.0,0.0,0.0,1.0,0.0,0.0,0.0,1.0,0.0,0.0,0.0,0.0,0.0,0.0,0.0,0.0,1.0,0.0,0.0,0.0,0.0,0.0,1.0,0
mlb,2026-07-04,2026-07-04T23:11:00Z,Tampa Bay Rays at Houston Astros,Houston Astros,Houston Astros,49.5,48.96,0.50286,0.005719999999999947,0.00286,0.00572,0.01054,0.0,0.00286,104.227,1.0,0.0,1.0,0.0,0.0,0.0,0.0,0.0,1.0,0.0,0.0,0.0,0.0,0.0,0.0,0.0,1.0,0.0,0.0,0.0,1.0,0.0,1.0,1
mlb,2026-07-04,2026-07-04T20:06:00Z,Detroit Tigers at Texas Rangers,Detroit Tigers,Detroit Tigers,25.46,11.46,0.51764,0.03527999999999998,-0.00314,0.03527,0.00634,4.0,0.000785,4.5,1.0,0.0,0.0,0.0,0.0,0.0,0.0,0.0,1.0,0.0,0.0,0.0,0.0,0.0,1.0,0.0,1.0,0.0,0.0,0.0,1.0,0.0,1.0,1
mlb,2026-07-04,2026-07-04T20:11:00Z,Toronto Blue Jays at Seattle Mariners,Seattle Mariners,Seattle Mariners,45.59,40.91,0.58994,0.17988000000000004,-0.00376,0.17988,0.01932,2.0,0.00188,5.636,1.0,0.0,0.0,0.0,0.0,0.0,0.0,0.0,0.0,0.0,0.0,0.0,0.0,0.0,0.0,0.0,1.0,0.0,0.0,1.0,0.0,0.0,1.0,1
mlb,2026-07-04,2026-07-04T17:39:00Z,Minnesota Twins at New York Yankees,New York Yankees,Minnesota Twins,45.68,41.1,0.59657,0.19314000000000003,0.0032,0.19314,0.01278,3.0,0.0010666666666666667,7.0,1.0,0.0,0.0,1.0,0.0,0.0,0.0,0.0,0.0,0.0,0.0,0.0,0.0,0.0,0.0,0.0,1.0,0.0,0.0,1.0,0.0,0.0,1.0,0
mlb,2026-07-04,2026-07-04T15:06:00Z,Pittsburgh Pirates at Washington Nationals,Pittsburgh Pirates,Pittsburgh Pirates,44.96,39.65,0.59641,0.19282,-0.0043,0.19282,0.01161,2.0,0.00215,18.727,1.0,0.0,1.0,1.0,0.0,0.0,0.0,0.0,0.0,0.0,0.0,0.0,0.0,0.0,0.0,0.0,1.0,0.0,0.0,1.0,0.0,0.0,1.0,1
mlb,2026-07-03,2026-07-04T00:15:27Z,Tampa Bay Rays at Houston Astros,Houston Astros,Tampa Bay Rays,49.5,48.96,0.50286,0.005719999999999947,0.00286,0.00572,0.01054,0.0,0.00286,104.227,1.0,0.0,1.0,0.0,0.0,0.0,0.0,0.0,1.0,0.0,0.0,0.0,0.0,0.0,0.0,0.0,1.0,0.0,0.0,0.0,1.0,0.0,1.0,0
mlb,2026-07-03,2026-07-04T01:38:52Z,Boston Red Sox at Los Angeles Angels,Boston Red Sox,Boston Red Sox,55.21,60.69,0.59872,0.19744,0.00973,0.19743,0.01589,2.0,0.004865,5.818,1.0,0.0,0.0,1.0,0.0,0.0,0.0,0.0,0.0,0.0,0.0,0.0,0.0,0.0,0.0,0.0,1.0,0.0,0.0,1.0,0.0,0.0,0.0,1
mlb,2026-07-03,2026-07-04T01:40:39Z,Miami Marlins at Athletics,Miami Marlins,Miami Marlins,34.76,21.93,0.52925,0.058499999999999996,0.00503,0.05851,0.00886,3.0,0.0016766666666666666,8.636,1.0,0.0,1.0,1.0,1.0,0.0,0.0,0.0,0.0,0.0,0.0,0.0,0.0,0.0,0.0,0.0,1.0,0.0,0.0,0.0,0.0,0.0,1.0,1
mlb,2026-07-03,2026-07-04T01:45:15Z,Milwaukee Brewers at Arizona Diamondbacks,Milwaukee Brewers,Milwaukee Brewers,51.82,53.78,0.57288,0.14575999999999995,0.00939,0.14576,0.02417,1.0,0.00939,8.364,0.0,0.0,1.0,1.0,1.0,0.0,0.0,0.0,0.0,0.0,0.0,0.0,0.0,0.0,0.0,0.0,1.0,0.0,0.0,0.0,0.0,0.0,0.0,1
mlb,2026-07-03,2026-07-04T02:09:54Z,San Diego Padres at Los Angeles Dodgers,Los Angeles Dodgers,Los Angeles Dodgers,31.11,17.16,0.6807,0.3614,-0.00939,0.3614,0.03719,4.0,0.0023475,0.0,0.0,0.0,0.0,0.0,0.0,0.0,0.0,0.0,0.0,0.0,0.0,1.0,0.0,0.0,1.0,0.0,1.0,0.0,0.0,1.0,0.0,0.0,1.0,1
mlb,2026-07-03,2026-07-04T02:10:15Z,Toronto Blue Jays at Seattle Mariners,Seattle Mariners,Toronto Blue Jays,45.59,40.91,0.58994,0.17988000000000004,-0.00376,0.17988,0.01932,2.0,0.00188,5.636,1.0,0.0,0.0,0.0,0.0,0.0,0.0,0.0,0.0,0.0,0.0,0.0,0.0,0.0,0.0,0.0,1.0,0.0,0.0,1.0,0.0,0.0,1.0,0
mlb,2026-07-03,2026-07-03T23:16:39Z,New York Mets at Atlanta Braves,Atlanta Braves,Atlanta Braves,49.65,49.27,0.60327,0.20653999999999995,0.00991,0.20655,0.01453,3.0,0.0033033333333333335,4.273,1.0,0.0,0.0,1.0,0.0,0.0,0.0,0.0,0.0,0.0,0.0,0.0,0.0,0.0,0.0,0.0,1.0,0.0,0.0,1.0,0.0,0.0,1.0,1
mlb,2026-07-03,2026-07-04T00:12:16Z,San Francisco Giants at Colorado Rockies,San Francisco Giants,Colorado Rockies,57.17,64.51,0.54422,0.08844000000000002,0.0095,0.08843,0.01332,1.0,0.0095,2.2,1.0,0.0,0.0,0.0,0.0,0.0,0.0,0.0,0.0,0.0,0.0,0.0,0.0,0.0,0.0,0.0,1.0,0.0,0.0,0.0,0.0,1.0,0.0,0
mlb,2026-07-03,2026-07-03T22:46:38Z,Pittsburgh Pirates at Washington Nationals,Pittsburgh Pirates,Washington Nationals,44.96,39.65,0.59641,0.19282,-0.0043,0.19282,0.01161,2.0,0.00215,18.727,1.0,0.0,1.0,1.0,0.0,0.0,0.0,0.0,0.0,0.0,0.0,0.0,0.0,0.0,0.0,0.0,1.0,0.0,0.0,1.0,0.0,0.0,1.0,0
mlb,2026-07-03,2026-07-03T23:07:15Z,Minnesota Twins at New York Yankees,New York Yankees,New York Yankees,45.68,41.1,0.59657,0.19314000000000003,0.0032,0.19314,0.01278,3.0,0.0010666666666666667,7.0,1.0,0.0,0.0,1.0,0.0,0.0,0.0,0.0,0.0,0.0,0.0,0.0,0.0,0.0,0.0,0.0,1.0,0.0,0.0,1.0,0.0,0.0,1.0,1
mlb,2026-07-03,2026-07-03T23:10:34Z,Chicago White Sox at Cleveland Guardians,Cleveland Guardians,Cleveland Guardians,46.69,43.15,0.5658,0.1316,0.00231,0.13161,0.02546,1.0,0.00231,11.364,0.0,0.0,1.0,1.0,1.0,0.0,0.0,0.0,0.0,0.0,0.0,0.0,0.0,0.0,0.0,0.0,1.0,0.0,0.0,0.0,0.0,0.0,1.0,1
mlb,2026-07-03,2026-07-03T23:10:53Z,Baltimore Orioles at Cincinnati Reds,Cincinnati Reds,Baltimore Orioles,47.32,44.44,0.53026,0.06051999999999996,0.00171,0.06051,0.01097,1.0,0.00171,37.636,1.0,0.0,1.0,1.0,1.0,0.0,0.0,0.0,0.0,0.0,0.0,0.0,0.0,0.0,0.0,0.0,1.0,0.0,0.0,0.0,0.0,0.0,1.0,0
mlb,2026-07-03,2026-07-03T20:15:09Z,St. Louis Cardinals at Chicago Cubs,Chicago Cubs,St. Louis Cardinals,53.27,56.77,0.59732,0.19463999999999998,0.00395,0.19465,0.01085,2.0,0.001975,5.0,1.0,0.0,0.0,1.0,0.0,0.0,0.0,0.0,0.0,0.0,0.0,0.0,0.0,0.0,0.0,0.0,1.0,0.0,0.0,1.0,0.0,0.0,0.0,0
mlb,2026-07-03,2026-07-03T22:46:38Z,Pittsburgh Pirates at Washington Nationals,Washington Nationals,Washington Nationals,62.28,73.56,0.5598,0.11959999999999998,0.01242,0.1196,0.0127,1.0,0.01242,6.182,1.0,0.0,0.0,1.0,0.0,1.0,1.0,0.0,0.0,0.0,0.0,0.0,0.0,0.0,0.0,0.0,1.0,0.0,0.0,0.0,0.0,1.0,0.0,1
mlb,2026-07-03,2026-07-03T23:10:53Z,Baltimore Orioles at Cincinnati Reds,Baltimore Orioles,Baltimore Orioles,55.04,60.35,0.52825,0.056499999999999995,0.01397,0.0565,0.01073,2.0,0.006985,0.545,1.0,0.0,0.0,1.0,0.0,1.0,1.0,0.0,0.0,0.0,0.0,0.0,0.0,0.0,0.0,0.0,1.0,0.0,0.0,0.0,0.0,0.0,0.0,1
mlb,2026-07-03,2026-07-03T23:16:39Z,New York Mets at Atlanta Braves,New York Mets,Atlanta Braves,54.2,58.66,0.48104,-0.037919999999999954,0.00985,0.03793,0.02109,1.0,0.00985,251.955,0.0,0.0,1.0,1.0,0.0,0.0,0.0,0.0,1.0,0.0,0.0,0.0,1.0,0.0,0.0,1.0,0.0,0.0,0.0,0.0,0.0,0.0,0.0,0
mlb,2026-07-03,2026-07-04T00:15:27Z,Tampa Bay Rays at Houston Astros,Tampa Bay Rays,Tampa Bay Rays,59.98,69.67,0.49892,-0.0021599999999999953,0.01516,0.00216,0.00783,1.0,0.01516,24.5,1.0,0.0,1.0,0.0,0.0,1.0,0.0,0.0,1.0,0.0,0.0,0.0,1.0,0.0,0.0,1.0,0.0,0.0,0.0,0.0,0.0,1.0,0.0,1
mlb,2026-07-03,2026-07-04T01:40:39Z,Miami Marlins at Athletics,Athletics,Miami Marlins,46.27,42.29,0.53654,0.07308000000000003,0.00994,0.07308,0.02491,3.0,0.003313333333333333,31.636,0.0,0.0,1.0,1.0,0.0,0.0,0.0,0.0,0.0,0.0,0.0,0.0,0.0,0.0,0.0,0.0,1.0,0.0,0.0,0.0,0.0,0.0,1.0,0
mlb,2026-07-03,2026-07-04T02:10:15Z,Toronto Blue Jays at Seattle Mariners,Toronto Blue Jays,Toronto Blue Jays,71.26,85.47,0.54318,0.08635999999999999,0.0202,0.08636,0.01641,0.0,0.0202,1.636,1.0,0.0,0.0,0.0,0.0,1.0,1.0,0.0,0.0,0.0,0.0,0.0,0.0,0.0,0.0,0.0,1.0,0.0,0.0,0.0,0.0,0.0,0.0,1
mlb,2026-07-02,2026-07-03T01:41:00Z,Los Angeles Angels at Seattle Mariners,Seattle Mariners,Seattle Mariners,72.18,86.39,0.65744,0.31488000000000005,0.00893,0.31488,0.02206,0.0,0.00893,2.909,0.0,0.0,0.0,1.0,0.0,0.0,0.0,0.0,0.0,0.0,0.0,0.0,0.0,0.0,0.0,0.0,1.0,0.0,0.0,1.0,0.0,0.0,0.0,1
mlb,2026-07-02,2026-07-03T02:11:00Z,San Diego Padres at Los Angeles Dodgers,Los Angeles Dodgers,Los Angeles Dodgers,61.83,72.83,0.67955,0.3591,-0.00161,0.35909,0.01811,1.0,0.00161,8.091,1.0,0.0,1.0,0.0,0.0,0.0,0.0,0.0,0.0,0.0,0.0,0.0,0.0,0.0,0.0,0.0,1.0,0.0,0.0,1.0,0.0,1.0,0.0,1
mlb,2026-07-02,2026-07-02T23:41:00Z,Tampa Bay Rays at Kansas City Royals,Tampa Bay Rays,Tampa Bay Rays,58.68,67.33,0.53324,0.06648000000000004,0.00953,0.06648,0.00956,1.0,0.00953,0.982,1.0,0.0,0.0,1.0,0.0,0.0,0.0,0.0,0.0,0.0,0.0,0.0,0.0,0.0,0.0,0.0,1.0,0.0,0.0,0.0,0.0,1.0,0.0,1
mlb,2026-07-02,2026-07-03T00:07:00Z,Detroit Tigers at Texas Rangers,Detroit Tigers,Texas Rangers,48.8,47.5,0.49688,-0.006240000000000023,0.04227,0.00623,0.03078,5.0,0.008454,173.182,0.0,0.0,1.0,0.0,0.0,1.0,0.0,0.0,1.0,0.0,0.0,0.0,1.0,0.0,1.0,1.0,0.0,1.0,0.0,0.0,0.0,0.0,1.0,0
mlb,2026-07-02,2026-07-02T22:41:00Z,Chicago White Sox at Cleveland Guardians,Cleveland Guardians,Cleveland Guardians,53.97,58.2,0.5033,0.006599999999999995,0.02585,0.00659,0.0151,3.0,0.008616666666666667,12.455,1.0,0.0,1.0,0.0,0.0,1.0,0.0,0.0,1.0,0.0,0.0,0.0,0.0,0.0,0.0,0.0,1.0,0.0,0.0,0.0,1.0,0.0,0.0,1
mlb,2026-07-02,2026-07-02T23:16:00Z,St. Louis Cardinals at Atlanta Braves,St. Louis Cardinals,St. Louis Cardinals,51.15,52.39,0.48738,-0.025239999999999985,0.0015,0.02523,0.01258,1.0,0.0015,23.044,1.0,0.0,1.0,1.0,0.0,0.0,0.0,0.0,1.0,0.0,0.0,0.0,1.0,0.0,0.0,1.0,0.0,0.0,0.0,0.0,0.0,0.0,0.0,1
mlb,2026-07-02,2026-07-02T18:11:00Z,Cincinnati Reds at Milwaukee Brewers,Milwaukee Brewers,Cincinnati Reds,38.28,27.36,0.64804,0.29607999999999995,0.01312,0.29609,0.02204,6.0,0.0021866666666666666,6.818,0.0,0.0,0.0,1.0,0.0,1.0,1.0,0.0,0.0,0.0,0.0,0.0,0.0,0.0,1.0,0.0,1.0,0.0,0.0,1.0,0.0,0.0,1.0,0
mlb,2026-07-02,2026-07-02T19:11:00Z,Miami Marlins at Colorado Rockies,Miami Marlins,Colorado Rockies,46.79,43.35,0.55586,0.11172000000000004,0.02173,0.11172,0.01518,5.0,0.004346,12.364,1.0,0.0,1.0,1.0,0.0,1.0,1.0,0.0,0.0,0.0,0.0,0.0,0.0,0.0,0.0,0.0,1.0,0.0,0.0,0.0,0.0,0.0,1.0,0
mlb,2026-07-02,2026-07-02T16:36:00Z,Pittsburgh Pirates at Philadelphia Phillies,Philadelphia Phillies,Pittsburgh Pirates,99.74,95.0,0.66628,0.33255999999999997,0.12609,0.33256,0.05572,7.0,0.018012857142857143,125.205,0.0,1.0,1.0,1.0,0.0,1.0,1.0,0.0,0.0,0.0,0.0,0.0,0.0,1.0,0.0,0.0,1.0,0.0,0.0,0.0,0.0,0.0,0.0,0
mlb,2026-07-01,2026-07-01T23:41:00Z,Tampa Bay Rays at Kansas City Royals,Tampa Bay Rays,Tampa Bay Rays,58.68,67.33,0.53324,0.06648000000000004,0.00953,0.06648,0.00956,1.0,0.00953,0.982,1.0,0.0,0.0,1.0,0.0,0.0,0.0,0.0,0.0,0.0,0.0,0.0,0.0,0.0,0.0,0.0,1.0,0.0,0.0,0.0,0.0,1.0,0.0,1
mlb,2026-07-01,2026-07-02T00:11:00Z,Cincinnati Reds at Milwaukee Brewers,Milwaukee Brewers,Milwaukee Brewers,38.28,27.36,0.64804,0.29607999999999995,0.01312,0.29609,0.02204,6.0,0.0021866666666666666,6.818,0.0,0.0,0.0,1.0,0.0,1.0,1.0,0.0,0.0,0.0,0.0,0.0,0.0,0.0,1.0,0.0,1.0,0.0,0.0,1.0,0.0,0.0,1.0,1
mlb,2026-07-01,2026-07-02T00:11:00Z,Minnesota Twins at Houston Astros,Minnesota Twins,Minnesota Twins,100.0,95.0,0.86135,0.7226999999999999,0.41427,0.7227,0.02681,1.0,0.41427,83.625,0.0,0.0,1.0,0.0,0.0,1.0,1.0,0.0,0.0,0.0,0.0,0.0,0.0,0.0,0.0,0.0,1.0,0.0,0.0,0.0,0.0,0.0,0.0,1
mlb,2026-07-01,2026-07-02T00:41:00Z,Miami Marlins at Colorado Rockies,Miami Marlins,Colorado Rockies,46.79,43.35,0.55586,0.11172000000000004,0.02173,0.11172,0.01518,5.0,0.004346,12.364,1.0,0.0,1.0,1.0,0.0,1.0,1.0,0.0,0.0,0.0,0.0,0.0,0.0,0.0,0.0,0.0,1.0,0.0,0.0,0.0,0.0,0.0,1.0,0
mlb,2026-07-01,2026-07-02T01:41:00Z,San Francisco Giants at Arizona Diamondbacks,Arizona Diamondbacks,San Francisco Giants,47.08,43.95,0.54642,0.09284000000000003,0.00654,0.09284,0.04641,0.0,0.00654,24.455,0.0,1.0,1.0,0.0,0.0,0.0,0.0,0.0,0.0,0.0,0.0,0.0,0.0,0.0,0.0,0.0,1.0,0.0,0.0,0.0,0.0,0.0,1.0,0
mlb,2026-07-01,2026-07-02T01:41:00Z,Los Angeles Dodgers at Athletics,Athletics,Athletics,67.58,81.23,0.42152,-0.15696,0.02304,0.15697,0.03933,0.0,0.02304,12.818,0.0,0.0,1.0,1.0,0.0,1.0,0.0,0.0,0.0,0.0,0.0,0.0,1.0,0.0,0.0,1.0,0.0,1.0,0.0,0.0,0.0,0.0,0.0,1
mlb,2026-07-01,2026-07-01T22:41:00Z,Pittsburgh Pirates at Philadelphia Phillies,Philadelphia Phillies,Philadelphia Phillies,99.74,95.0,0.66628,0.33255999999999997,0.12609,0.33256,0.05572,7.0,0.018012857142857143,125.205,0.0,1.0,1.0,1.0,0.0,1.0,1.0,0.0,0.0,0.0,0.0,0.0,0.0,1.0,0.0,0.0,1.0,0.0,0.0,0.0,0.0,0.0,0.0,1
mlb,2026-07-01,2026-07-01T23:16:00Z,St. Louis Cardinals at Atlanta Braves,St. Louis Cardinals,Atlanta Braves,51.15,52.39,0.48738,-0.025239999999999985,0.0015,0.02523,0.01258,1.0,0.0015,23.044,1.0,0.0,1.0,1.0,0.0,0.0,0.0,0.0,1.0,0.0,0.0,0.0,1.0,0.0,0.0,1.0,0.0,0.0,0.0,0.0,0.0,0.0,0.0,0
mlb,2026-07-01,2026-07-01T23:16:00Z,St. Louis Cardinals at Atlanta Braves,Atlanta Braves,Atlanta Braves,100.0,95.0,0.62816,0.25632000000000005,0.07763,0.25633,0.04883,1.0,0.07763,68.409,0.0,1.0,1.0,1.0,0.0,1.0,1.0,0.0,0.0,0.0,0.0,0.0,0.0,0.0,0.0,0.0,1.0,0.0,0.0,0.0,0.0,0.0,0.0,1
mlb,2026-07-01,2026-07-02T00:11:00Z,Cincinnati Reds at Milwaukee Brewers,Cincinnati Reds,Milwaukee Brewers,60.19,70.04,0.54221,0.08442,0.13314,0.08443,0.28127,2.0,0.06657,68.25,0.0,1.0,1.0,0.0,0.0,1.0,1.0,0.0,0.0,0.0,0.0,0.0,0.0,0.0,0.0,0.0,1.0,0.0,0.0,0.0,0.0,1.0,0.0,0
mlb,2026-07-01,2026-07-01T19:28:00Z,New York Mets at Toronto Blue Jays,Toronto Blue Jays,Toronto Blue Jays,100.0,95.0,0.97115,0.9422999999999999,0.46302,0.9423,0.0,0.0,0.46302,176.364,1.0,0.0,1.0,1.0,0.0,1.0,1.0,0.0,0.0,0.0,0.0,0.0,0.0,0.0,0.0,0.0,1.0,0.0,0.0,0.0,0.0,0.0,0.0,1
mlb,2026-07-01,2026-07-01T18:21:00Z,San Diego Padres at Chicago Cubs,Chicago Cubs,Chicago Cubs,100.0,95.0,0.97115,0.9422999999999999,0.44083,0.9423,0.0,0.0,0.44083,37.273,1.0,0.0,1.0,1.0,0.0,1.0,1.0,0.0,0.0,0.0,1.0,0.0,0.0,0.0,0.0,0.0,1.0,0.0,0.0,0.0,0.0,0.0,0.0,1
mlb,2026-07-01,2026-07-01T17:39:00Z,Detroit Tigers at New York Yankees,New York Yankees,Detroit Tigers,96.41,95.0,0.75989,0.5197799999999999,0.19644,0.51978,0.22589,1.0,0.19644,490.109,0.0,1.0,1.0,0.0,0.0,1.0,1.0,0.0,0.0,0.0,1.0,0.0,0.0,0.0,0.0,0.0,1.0,0.0,0.0,0.0,0.0,0.0,0.0,0
mlb,2026-07-01,2026-07-01T17:36:00Z,Washington Nationals at Boston Red Sox,Washington Nationals,Washington Nationals,98.66,95.0,0.98067,0.9613400000000001,0.55308,0.96135,0.0,0.0,0.55308,53.636,1.0,0.0,1.0,0.0,0.0,1.0,1.0,0.0,0.0,0.0,1.0,0.0,0.0,0.0,0.0,0.0,1.0,0.0,0.0,0.0,0.0,0.0,0.0,1
mlb,2026-07-01,2026-07-01T17:11:00Z,Texas Rangers at Cleveland Guardians,Cleveland Guardians,Cleveland Guardians,100.0,95.0,0.8661,0.7322,0.33466,0.73219,0.04984,0.0,0.33466,164.648,0.0,1.0,1.0,1.0,0.0,1.0,1.0,0.0,0.0,0.0,1.0,0.0,0.0,0.0,0.0,0.0,1.0,0.0,0.0,0.0,0.0,0.0,0.0,1
mlb,2026-07-01,2026-07-01T16:36:00Z,Chicago White Sox at Baltimore Orioles,Baltimore Orioles,Baltimore Orioles,100.0,95.0,0.7848,0.5696000000000001,0.20439,0.5696,0.16578,0.0,0.20439,136.773,0.0,1.0,1.0,1.0,0.0,1.0,1.0,0.0,0.0,0.0,1.0,0.0,0.0,0.0,0.0,0.0,1.0,0.0,0.0,0.0,0.0,0.0,0.0,1
mlb,2026-06-30,2026-07-01T01:40:10Z,Los Angeles Dodgers at Athletics,Los Angeles Dodgers,Los Angeles Dodgers,69.8,83.89,0.60189,0.20378000000000002,0.00036,0.20377,0.01334,0.0,0.00036,0.909,1.0,0.0,0.0,1.0,0.0,0.0,0.0,0.0,0.0,0.0,0.0,0.0,0.0,0.0,0.0,0.0,1.0,0.0,0.0,1.0,0.0,0.0,0.0,1
mlb,2026-06-30,2026-07-01T01:40:22Z,San Francisco Giants at Arizona Diamondbacks,Arizona Diamondbacks,Arizona Diamondbacks,66.8,80.22,0.54689,0.09377999999999997,0.00701,0.09378,0.01024,0.0,0.00701,29.0,1.0,0.0,1.0,0.0,0.0,0.0,0.0,0.0,0.0,0.0,0.0,0.0,0.0,0.0,0.0,0.0,1.0,0.0,0.0,0.0,0.0,0.0,0.0,1
mlb,2026-06-30,2026-07-01T01:41:00Z,Los Angeles Angels at Seattle Mariners,Seattle Mariners,Seattle Mariners,80.19,92.52,0.62703,0.25405999999999995,0.01218,0.25407,0.00577,0.0,0.01218,6.273,1.0,0.0,0.0,1.0,0.0,1.0,1.0,0.0,0.0,0.0,0.0,0.0,0.0,0.0,0.0,0.0,1.0,0.0,0.0,1.0,0.0,0.0,0.0,1
mlb,2026-06-30,2026-06-30T23:06:00Z,Detroit Tigers at New York Yankees,New York Yankees,Detroit Tigers,96.41,95.0,0.75989,0.5197799999999999,0.19644,0.51978,0.22589,1.0,0.19644,490.109,0.0,1.0,1.0,0.0,0.0,1.0,1.0,0.0,0.0,0.0,1.0,0.0,0.0,0.0,0.0,0.0,1.0,0.0,0.0,0.0,0.0,0.0,0.0,0
mlb,2026-06-30,2026-06-30T23:08:00Z,New York Mets at Toronto Blue Jays,Toronto Blue Jays,New York Mets,100.0,95.0,0.97115,0.9422999999999999,0.46302,0.9423,0.0,0.0,0.46302,176.364,1.0,0.0,1.0,1.0,0.0,1.0,1.0,0.0,0.0,0.0,0.0,0.0,0.0,0.0,0.0,0.0,1.0,0.0,0.0,0.0,0.0,0.0,0.0,0
mlb,2026-06-30,2026-06-30T23:11:00Z,Washington Nationals at Boston Red Sox,Washington Nationals,Washington Nationals,98.66,95.0,0.98067,0.9613400000000001,0.55308,0.96135,0.0,0.0,0.55308,53.636,1.0,0.0,1.0,0.0,0.0,1.0,1.0,0.0,0.0,0.0,1.0,0.0,0.0,0.0,0.0,0.0,1.0,0.0,0.0,0.0,0.0,0.0,0.0,1
mlb,2026-06-30,2026-06-30T23:16:00Z,St. Louis Cardinals at Atlanta Braves,Atlanta Braves,St. Louis Cardinals,52.47,55.13,0.55372,0.10743999999999998,0.00318,0.10744,0.01863,1.0,0.00318,0.364,1.0,0.0,0.0,1.0,0.0,0.0,0.0,0.0,0.0,0.0,0.0,0.0,0.0,0.0,0.0,0.0,1.0,0.0,0.0,0.0,0.0,0.0,0.0,0
mlb,2026-06-30,2026-06-30T23:41:00Z,Cincinnati Reds at Milwaukee Brewers,Milwaukee Brewers,Milwaukee Brewers,50.02,50.04,0.59426,0.18852000000000002,0.00333,0.18852,0.01171,2.0,0.001665,4.636,1.0,0.0,0.0,1.0,0.0,0.0,0.0,0.0,0.0,0.0,0.0,0.0,0.0,0.0,0.0,0.0,1.0,0.0,0.0,1.0,0.0,0.0,0.0,1
mlb,2026-06-30,2026-06-30T23:41:00Z,Tampa Bay Rays at Kansas City Royals,Tampa Bay Rays,Tampa Bay Rays,93.76,95.0,0.5768,0.15359999999999996,0.03139,0.15361,0.01228,0.0,0.03139,11.273,1.0,0.0,1.0,1.0,0.0,1.0,1.0,0.0,0.0,0.0,0.0,0.0,0.0,0.0,0.0,0.0,1.0,0.0,0.0,0.0,0.0,0.0,0.0,1
mlb,2026-06-30,2026-07-01T00:06:00Z,San Diego Padres at Chicago Cubs,Chicago Cubs,Chicago Cubs,100.0,95.0,0.97115,0.9422999999999999,0.44083,0.9423,0.0,0.0,0.44083,37.273,1.0,0.0,1.0,1.0,0.0,1.0,1.0,0.0,0.0,0.0,1.0,0.0,0.0,0.0,0.0,0.0,1.0,0.0,0.0,0.0,0.0,0.0,0.0,1
mlb,2026-06-30,2026-07-01T00:11:00Z,Minnesota Twins at Houston Astros,Houston Astros,Houston Astros,71.47,85.68,0.56413,0.12826000000000004,0.01121,0.12826,0.00803,0.0,0.01121,5.6,1.0,0.0,0.0,1.0,0.0,0.0,0.0,0.0,0.0,0.0,0.0,0.0,0.0,0.0,0.0,0.0,1.0,0.0,0.0,0.0,0.0,0.0,0.0,1
mlb,2026-06-30,2026-07-01T00:41:00Z,Miami Marlins at Colorado Rockies,Miami Marlins,Miami Marlins,47.86,45.55,0.57362,0.14724000000000004,-0.00454,0.14725,0.02379,1.0,0.00454,39.545,0.0,0.0,1.0,0.0,0.0,0.0,0.0,0.0,0.0,0.0,0.0,0.0,0.0,0.0,0.0,0.0,1.0,0.0,0.0,0.0,0.0,0.0,1.0,1
mlb,2026-06-30,2026-06-30T22:36:00Z,Chicago White Sox at Baltimore Orioles,Baltimore Orioles,Chicago White Sox,100.0,95.0,0.7848,0.5696000000000001,0.20439,0.5696,0.16578,0.0,0.20439,136.773,0.0,1.0,1.0,1.0,0.0,1.0,1.0,0.0,0.0,0.0,1.0,0.0,0.0,0.0,0.0,0.0,1.0,0.0,0.0,0.0,0.0,0.0,0.0,0
mlb,2026-06-30,2026-06-30T22:41:00Z,Texas Rangers at Cleveland Guardians,Cleveland Guardians,Texas Rangers,100.0,95.0,0.8661,0.7322,0.33466,0.73219,0.04984,0.0,0.33466,164.648,0.0,1.0,1.0,1.0,0.0,1.0,1.0,0.0,0.0,0.0,1.0,0.0,0.0,0.0,0.0,0.0,1.0,0.0,0.0,0.0,0.0,0.0,0.0,0
mlb,2026-06-30,2026-06-30T22:41:00Z,Pittsburgh Pirates at Philadelphia Phillies,Philadelphia Phillies,Philadelphia Phillies,54.37,59.0,0.56821,0.13641999999999999,0.0046,0.13643,0.01478,0.0,0.0046,3.818,1.0,0.0,0.0,1.0,0.0,0.0,0.0,0.0,0.0,0.0,1.0,0.0,0.0,0.0,0.0,0.0,1.0,0.0,0.0,0.0,0.0,0.0,0.0,1
mlb,2026-06-30,2026-06-30T22:41:00Z,Texas Rangers at Cleveland Guardians,Texas Rangers,Texas Rangers,54.49,59.25,0.53291,0.06581999999999999,0.01571,0.06582,0.01336,4.0,0.0039275,9.455,1.0,0.0,1.0,1.0,0.0,1.0,1.0,0.0,0.0,0.0,0.0,0.0,0.0,0.0,0.0,0.0,1.0,0.0,0.0,0.0,0.0,0.0,0.0,1
mlb,2026-06-30,2026-06-30T23:06:00Z,Detroit Tigers at New York Yankees,Detroit Tigers,Detroit Tigers,70.95,85.14,0.48798,-0.024040000000000006,0.0434,0.02405,0.02268,2.0,0.0217,181.0,0.0,0.0,1.0,0.0,0.0,1.0,0.0,0.0,1.0,0.0,0.0,0.0,1.0,0.0,0.0,1.0,0.0,1.0,1.0,0.0,0.0,0.0,0.0,1
mlb,2026-06-30,2026-06-30T23:08:00Z,New York Mets at Toronto Blue Jays,New York Mets,New York Mets,62.61,74.09,0.50677,0.013540000000000052,0.04211,0.01353,0.02704,3.0,0.014036666666666668,181.818,0.0,0.0,1.0,0.0,0.0,1.0,0.0,0.0,1.0,0.0,0.0,0.0,0.0,0.0,0.0,0.0,1.0,0.0,0.0,0.0,1.0,1.0,0.0,1
mlb,2026-06-30,2026-06-30T23:16:00Z,St. Louis Cardinals at Atlanta Braves,St. Louis Cardinals,St. Louis Cardinals,72.02,86.24,0.43062,-0.13876,0.02289,0.13876,0.01445,1.0,0.02289,11.636,1.0,0.0,1.0,1.0,0.0,1.0,0.0,0.0,0.0,0.0,0.0,0.0,1.0,0.0,0.0,1.0,0.0,1.0,0.0,0.0,0.0,0.0,0.0,1
mlb,2026-06-30,2026-06-30T23:41:00Z,Tampa Bay Rays at Kansas City Royals,Kansas City Royals,Tampa Bay Rays,57.59,65.31,0.48086,-0.038280000000000036,0.00831,0.03828,0.01242,2.0,0.004155,8.818,1.0,0.0,1.0,1.0,0.0,0.0,0.0,0.0,1.0,0.0,0.0,0.0,1.0,0.0,0.0,1.0,0.0,0.0,0.0,0.0,0.0,1.0,0.0,0
mlb,2026-06-30,2026-07-01T00:41:00Z,Miami Marlins at Colorado Rockies,Colorado Rockies,Miami Marlins,76.78,90.31,0.44792,-0.10416000000000003,0.02672,0.10415,0.01245,1.0,0.02672,12.091,1.0,0.0,1.0,1.0,0.0,1.0,0.0,0.0,0.0,0.0,0.0,0.0,1.0,0.0,0.0,1.0,0.0,1.0,0.0,0.0,0.0,0.0,0.0,0
mlb,2026-06-29,2026-06-30T01:41:00Z,San Francisco Giants at Arizona Diamondbacks,Arizona Diamondbacks,Arizona Diamondbacks,55.88,62.01,0.50696,0.013919999999999988,0.00587,0.01391,0.01614,0.0,0.00587,157.068,1.0,0.0,1.0,0.0,0.0,0.0,0.0,0.0,1.0,0.0,0.0,0.0,0.0,0.0,0.0,0.0,1.0,0.0,0.0,0.0,1.0,0.0,0.0,1
mlb,2026-06-29,2026-06-30T01:41:00Z,Los Angeles Dodgers at Athletics,Los Angeles Dodgers,Los Angeles Dodgers,97.51,95.0,0.61363,0.22726000000000002,0.03722,0.22725,0.01916,0.0,0.03722,198.182,1.0,0.0,1.0,1.0,0.0,1.0,1.0,0.0,0.0,0.0,0.0,0.0,0.0,0.0,0.0,0.0,1.0,0.0,0.0,0.0,0.0,0.0,0.0,1
mlb,2026-06-29,2026-06-30T01:41:00Z,Los Angeles Angels at Seattle Mariners,Seattle Mariners,Seattle Mariners,77.21,90.61,0.62703,0.25405999999999995,0.01218,0.25407,0.00577,0.0,0.01218,6.273,1.0,0.0,0.0,1.0,0.0,1.0,1.0,0.0,0.0,0.0,0.0,0.0,0.0,0.0,0.0,0.0,1.0,0.0,0.0,1.0,0.0,0.0,0.0,1
mlb,2026-06-29,2026-06-29T23:08:00Z,New York Mets at Toronto Blue Jays,Toronto Blue Jays,Toronto Blue Jays,100.0,95.0,0.88119,0.7623800000000001,0.34263,0.76238,0.07586,1.0,0.34263,6118.159,0.0,1.0,1.0,1.0,0.0,1.0,1.0,0.0,0.0,0.0,0.0,0.0,0.0,0.0,0.0,0.0,1.0,0.0,0.0,0.0,0.0,0.0,0.0,1
mlb,2026-06-29,2026-06-29T23:10:00Z,Detroit Tigers at New York Yankees,Detroit Tigers,Detroit Tigers,100.0,95.0,0.9685,0.937,0.53728,0.937,0.0,4.0,0.13432,14.273,1.0,0.0,1.0,0.0,0.0,1.0,1.0,0.0,0.0,0.0,0.0,0.0,0.0,1.0,0.0,0.0,1.0,0.0,0.0,0.0,0.0,0.0,0.0,1
mlb,2026-06-29,2026-06-29T23:11:00Z,Washington Nationals at Boston Red Sox,Boston Red Sox,Boston Red Sox,100.0,95.0,0.9775,0.9550000000000001,0.35891,0.95499,0.01269,4.0,0.0897275,1915.545,1.0,0.0,1.0,1.0,0.0,1.0,1.0,0.0,0.0,0.0,0.0,0.0,0.0,1.0,0.0,0.0,1.0,0.0,0.0,0.0,0.0,0.0,0.0,1
mlb,2026-06-29,2026-06-29T23:11:00Z,Texas Rangers at Cleveland Guardians,Texas Rangers,Texas Rangers,100.0,95.0,0.83133,0.66266,0.40324,0.66265,0.05129,2.0,0.20162,482.966,0.0,1.0,1.0,0.0,0.0,1.0,1.0,0.0,0.0,0.0,0.0,0.0,0.0,0.0,0.0,0.0,1.0,0.0,0.0,0.0,0.0,0.0,0.0,1
mlb,2026-06-29,2026-06-29T23:41:00Z,Cincinnati Reds at Milwaukee Brewers,Cincinnati Reds,Milwaukee Brewers,100.0,95.0,0.69006,0.38012,0.2721,0.38012,0.169,4.0,0.068025,101.398,0.0,1.0,1.0,0.0,0.0,1.0,1.0,0.0,0.0,0.0,0.0,0.0,0.0,1.0,0.0,0.0,1.0,0.0,0.0,0.0,0.0,0.0,0.0,0
mlb,2026-06-29,2026-06-30T00:06:00Z,San Diego Padres at Chicago Cubs,San Diego Padres,Chicago Cubs,24.16,10.4,0.47428,-0.051439999999999986,0.05769,0.05144,0.15347,4.0,0.0144225,23.216,0.0,1.0,1.0,0.0,0.0,1.0,0.0,0.0,0.0,0.0,0.0,0.0,1.0,0.0,1.0,1.0,0.0,1.0,0.0,0.0,0.0,0.0,1.0,0
mlb,2026-06-29,2026-06-30T00:11:00Z,Minnesota Twins at Houston Astros,Minnesota Twins,Minnesota Twins,100.0,95.0,0.8157,0.6314,0.36945,0.6314,0.03434,2.0,0.184725,50.825,0.0,0.0,1.0,0.0,0.0,1.0,1.0,0.0,0.0,0.0,0.0,0.0,0.0,0.0,0.0,0.0,1.0,0.0,0.0,0.0,0.0,0.0,0.0,1
mlb,2026-06-29,2026-06-30T00:41:00Z,Miami Marlins at Colorado Rockies,Colorado Rockies,Miami Marlins,100.0,95.0,0.62654,0.25307999999999997,0.18066,0.25309,0.03059,1.0,0.18066,210.455,0.0,0.0,1.0,0.0,0.0,1.0,1.0,0.0,0.0,0.0,0.0,0.0,0.0,0.0,0.0,0.0,1.0,0.0,0.0,0.0,0.0,0.0,0.0,0
mlb,2026-06-29,2026-06-30T01:41:00Z,Los Angeles Dodgers at Athletics,Athletics,Los Angeles Dodgers,43.67,37.11,0.47834,-0.043320000000000025,0.00407,0.04333,0.0105,2.0,0.002035,2.0,1.0,0.0,0.0,1.0,0.0,0.0,0.0,0.0,1.0,0.0,0.0,0.0,1.0,0.0,0.0,1.0,0.0,0.0,0.0,0.0,0.0,0.0,1.0,0
mlb,2026-06-29,2026-06-30T01:41:00Z,Los Angeles Angels at Seattle Mariners,Los Angeles Angels,Seattle Mariners,44.03,37.81,0.35738,-0.28524,0.01677,0.28523,0.01297,2.0,0.008385,11.455,1.0,0.0,1.0,1.0,0.0,1.0,0.0,0.0,0.0,0.0,0.0,0.0,1.0,0.0,0.0,1.0,0.0,0.0,0.0,0.0,0.0,0.0,1.0,0
mlb,2026-06-29,2026-06-29T22:36:00Z,Chicago White Sox at Baltimore Orioles,Baltimore Orioles,Chicago White Sox,0.0,5.0,0.55121,0.10241999999999996,0.00059,0.10242,0.04898,8.0,7.375e-05,14.114,0.0,1.0,1.0,0.0,0.0,0.0,0.0,0.0,0.0,0.0,0.0,0.0,0.0,0.0,1.0,0.0,1.0,0.0,0.0,0.0,0.0,0.0,1.0,0
mlb,2026-06-29,2026-06-29T22:41:00Z,Pittsburgh Pirates at Philadelphia Phillies,Pittsburgh Pirates,Pittsburgh Pirates,100.0,95.0,0.90276,0.80552,0.41295,0.80553,0.19169,9.0,0.04588333333333333,61.788,0.0,1.0,1.0,1.0,0.0,1.0,1.0,0.0,0.0,0.0,0.0,0.0,0.0,1.0,0.0,0.0,1.0,0.0,0.0,0.0,0.0,0.0,0.0,1
